Full Name,Email,Gender,Qualification,College/University,Contact Number,WhatsApp Number,Skill Level,Internship Program,Source of Information,LinkedIn,Instagram
Pitabas Pradhan,pitabas.pradhan834@gmail.com,Male,MA/M.Com/MBA/M.Ed/PG Diploma/PG Program,cutm,9348340291,9348340291,Intermediate,UI/UX Design,Twitter,Yes,No
Pitabas Pradhan,pitabas.pradhan834@gmail.com,Male,MA/M.Com/MBA/M.Ed/PG Diploma/PG Program,cutm,9348340291,9348340291,Intermediate,UI/UX Design,Twitter,Yes,No
Pitabas Pradhan,pitabas.pradhan834@gmail.com,Female,BCA/B.Tech/B.E/B.Sc,cutm,9348340291,9348340291,Advanced,UI/UX Design,Twitter,Yes,Yes
Pitabas Pradhan,pitabas.pradhan834@gmail.com,Male,BA/B.Com/B.Ed/BBA/Diploma,cutm,9348340291,9348340291,Intermediate,UI/UX Design,Twitter,Yes,No
Pitabas Pradhan,pitabas.pradhan834@gmail.com,Male,BA/B.Com/B.Ed/BBA/Diploma,cutm,9348340291,9348340291,Intermediate,UI/UX Design,Twitter,Yes,No
Pitabas Pradhan,pitabas.pradhan834@gmail.com,Female,BA/B.Com/B.Ed/BBA/Diploma,cutm,9348340291,9348340291,Intermediate,UI/UX Design,Facebook,No,No
Pitabas Pradhan,pitabas.pradhan834@gmail.com,Male,MA/M.Com/MBA/M.Ed/PG Diploma/PG Program,cutm,9348340291,9348340291,Intermediate,UI/UX Design,Twitter,Yes,Yes